asupra,asupră,cu,către,cătră,de,dedesubtul,despre,dimprejurul,din,dinaintea,dinapoia,dindărătul,dinspre,dintre,dintru,dupe,dupre,după,făr,fără,la,lângă,mpotriva,mprejurul,n,naintea,nspre,pe,pentru,per,peste,pintre,prejurul,primprejurul,prin,printre,pro,pân,până,pă,pănă,spre,sub,împotriva,împrejurul,în,înaintea,înapoia,înde,îndărătul,înlăuntrul,înspre,între,întru,înăuntrul,authorCode
0.0001234,0.000000,0.019003,0.000000,0.000000,0.042078,0.000000,0.00061698,0.000000,0.00987167,0.00061698,0.000000,0.000000,0.000000,0.00024679,0.000000,0.000000,0.000000,0.00481244,0.000000,0.00086377,0.0213475,0.00061698,0.000000,0.000000,0.00394867,0.000000,0.000000,0.0169052,0.00197433,0.000000,0.00061698,0.000000,0.000000,0.000000,0.0028381,0.00061698,0.000000,0.000000,0.00333169,0.000000,0.000000,0.00049358,0.00049358,0.000000,0.00024679,0.0197433,0.0001234,0.000000,0.000000,0.000000,0.000000,0.000000,0.00037019,0.000000,0.000000,0
0.00019073,0.000000,0.0141141,0.000000,0.000000,0.0440587,0.000000,0.00038146,0.000000,0.00514972,0.00038146,0.000000,0.000000,0.000000,0.000000,0.000000,0.000000,0.000000,0.00381461,0.000000,0.00133511,0.0188823,0.000000,0.000000,0.000000,0.00476826,0.000000,0.000000,0.0131604,0.00057219,0.000000,0.00171657,0.000000,0.000000,0.000000,0.00228877,0.000000,0.000000,0.00019073,0.00209804,0.000000,0.000000,0.00019073,0.00076292,0.00019073,0.00019073,0.0137326,0.00133511,0.000000,0.000000,0.000000,0.000000,0.000000,0.000000,0.000000,0.000000,0
0.000000,0.000000,0.018992,0.000000,0.000000,0.0423667,0.000000,0.000000,0.000000,0.00803506,0.00073046,0.000000,0.000000,0.000000,0.000000,0.000000,0.000000,0.000000,0.0036523,0.000000,0.000000,0.0182615,0.00219138,0.000000,0.000000,0.00438276,0.000000,0.000000,0.00438276,0.0036523,0.000000,0.000000,0.000000,0.000000,0.000000,0.00073046,0.000000,0.000000,0.000000,0.00073046,0.000000,0.000000,0.000000,0.00073046,0.000000,0.000000,0.00657414,0.00219138,0.000000,0.000000,0.000000,0.000000,0.000000,0.000000,0.000000,0.000000,0
0.000000,0.000000,0.0153242,0.000000,0.000000,0.0447937,0.000000,0.000000,0.000000,0.0043222,0.000000,0.000000,0.000000,0.000000,0.00039293,0.000000,0.000000,0.000000,0.00196464,0.000000,0.00117878,0.0196464,0.000000,0.000000,0.000000,0.00628684,0.000000,0.000000,0.0133595,0.00157171,0.000000,0.00078585,0.000000,0.000000,0.000000,0.00157171,0.000000,0.000000,0.00039293,0.00235756,0.000000,0.000000,0.00039293,0.000000,0.000000,0.000000,0.0129666,0.000000,0.000000,0.000000,0.000000,0.000000,0.000000,0.000000,0.000000,0.000000,0
0.000000,0.000000,0.0182094,0.000000,0.000000,0.0318665,0.000000,0.000000,0.000000,0.00758725,0.000000,0.000000,0.000000,0.000000,0.00455235,0.000000,0.000000,0.000000,0.000000,0.000000,0.00151745,0.0212443,0.00151745,0.000000,0.000000,0.00455235,0.000000,0.000000,0.0227618,0.0060698,0.000000,0.0030349,0.000000,0.000000,0.000000,0.000000,0.000000,0.000000,0.000000,0.000000,0.000000,0.000000,0.000000,0.00151745,0.000000,0.000000,0.0060698,0.000000,0.000000,0.000000,0.000000,0.000000,0.000000,0.000000,0.000000,0.000000,0
0.000000,0.000000,0.0169984,0.000000,0.000000,0.0362335,0.000000,0.00044733,0.000000,0.00872288,0.00044733,0.00022366,0.000000,0.00022366,0.00067099,0.00044733,0.000000,0.000000,0.00268396,0.000000,0.00067099,0.0140908,0.00111832,0.000000,0.000000,0.00313129,0.000000,0.000000,0.0154328,0.00111832,0.000000,0.00111832,0.000000,0.000000,0.000000,0.00089465,0.000000,0.000000,0.00022366,0.00089465,0.000000,0.000000,0.00201297,0.00022366,0.00022366,0.00022366,0.0140908,0.00022366,0.000000,0.000000,0.000000,0.000000,0.000000,0.00044733,0.000000,0.000000,0
0.00014616,0.000000,0.0200234,0.00029231,0.000000,0.0431161,0.000000,0.00058462,0.000000,0.0096463,0.00014616,0.000000,0.000000,0.000000,0.00058462,0.000000,0.000000,0.000000,0.00394621,0.000000,0.0013154,0.0236773,0.00102309,0.000000,0.000000,0.00482315,0.000000,0.000000,0.0192926,0.00380006,0.000000,0.00190003,0.000000,0.000000,0.00014616,0.00175387,0.00029231,0.000000,0.00014616,0.00423853,0.000000,0.000000,0.00146156,0.00058462,0.000000,0.00029231,0.0188541,0.00014616,0.000000,0.000000,0.000000,0.000000,0.000000,0.00073078,0.00014616,0.000000,0
0.00025195,0.000000,0.0187705,0.00012598,0.000000,0.0389267,0.000000,0.00025195,0.000000,0.00592089,0.000000,0.000000,0.000000,0.00012598,0.00012598,0.000000,0.00100781,0.000000,0.00277148,0.000000,0.00125976,0.0156211,0.000000,0.000000,0.000000,0.00377929,0.000000,0.00012598,0.0168808,0.00277148,0.000000,0.00138574,0.000000,0.000000,0.000000,0.00062988,0.00025195,0.000000,0.000000,0.000000,0.000000,0.000000,0.00025195,0.00025195,0.000000,0.000000,0.0182666,0.00037793,0.000000,0.000000,0.000000,0.000000,0.000000,0.00050391,0.000000,0.000000,1
0.00034602,0.000000,0.0190311,0.00034602,0.000000,0.0408305,0.000000,0.000000,0.000000,0.0103806,0.000000,0.000000,0.000000,0.000000,0.000000,0.000000,0.000000,0.000000,0.00276817,0.00069204,0.00207612,0.0083045,0.00103806,0.000000,0.000000,0.00311419,0.000000,0.000000,0.016609,0.000000,0.000000,0.00034602,0.000000,0.000000,0.000000,0.000000,0.000000,0.000000,0.000000,0.00138408,0.000000,0.000000,0.000000,0.00069204,0.000000,0.000000,0.0280277,0.00034602,0.000000,0.000000,0.000000,0.000000,0.000000,0.00034602,0.000000,0.000000,1
0.000000,0.000000,0.0251315,0.000000,0.000000,0.0514319,0.000000,0.000000,0.000000,0.0111046,0.000000,0.000000,0.000000,0.00058445,0.000000,0.000000,0.000000,0.000000,0.00233781,0.000000,0.00350672,0.0151958,0.00058445,0.000000,0.000000,0.00292227,0.000000,0.000000,0.0116891,0.000000,0.000000,0.00233781,0.000000,0.000000,0.000000,0.00058445,0.000000,0.000000,0.000000,0.00175336,0.000000,0.000000,0.00116891,0.00116891,0.000000,0.000000,0.0327294,0.00233781,0.000000,0.000000,0.000000,0.000000,0.000000,0.00058445,0.000000,0.000000,1
0.00015129,0.000000,0.0196672,0.00015129,0.000000,0.0310136,0.000000,0.000000,0.000000,0.00468986,0.000000,0.000000,0.000000,0.000000,0.000000,0.000000,0.00045386,0.000000,0.00242057,0.00030257,0.00075643,0.0172466,0.000000,0.000000,0.000000,0.00423601,0.000000,0.000000,0.0184569,0.00045386,0.000000,0.00060514,0.000000,0.000000,0.000000,0.00030257,0.00015129,0.000000,0.000000,0.000000,0.000000,0.000000,0.00030257,0.000000,0.00015129,0.000000,0.0177004,0.00015129,0.000000,0.000000,0.000000,0.000000,0.000000,0.00030257,0.000000,0.000000,1
0.00043956,0.000000,0.0127473,0.000000,0.000000,0.0373626,0.000000,0.000000,0.000000,0.0127473,0.000000,0.000000,0.000000,0.00043956,0.000000,0.000000,0.000000,0.000000,0.00087912,0.000000,0.00043956,0.018022,0.000000,0.000000,0.000000,0.00351648,0.000000,0.000000,0.0145055,0.00263736,0.000000,0.00131868,0.000000,0.000000,0.000000,0.00043956,0.00043956,0.000000,0.000000,0.000000,0.000000,0.000000,0.00087912,0.000000,0.000000,0.000000,0.0175824,0.000000,0.000000,0.000000,0.000000,0.000000,0.000000,0.000000,0.000000,0.000000,1
0.000000,0.000000,0.0221222,0.000000,0.000000,0.0365579,0.000000,0.000000,0.000000,0.00524934,0.000000,0.000000,0.000000,0.000000,0.000000,0.000000,0.00337458,0.000000,0.00074991,0.00018748,0.00112486,0.0209974,0.00093738,0.000000,0.000000,0.00299963,0.000000,0.000000,0.0234346,0.00131234,0.000000,0.00037495,0.000000,0.000000,0.000000,0.00093738,0.000000,0.000000,0.00018748,0.00281215,0.000000,0.000000,0.00037495,0.00037495,0.000000,0.000000,0.0178103,0.00074991,0.000000,0.000000,0.000000,0.000000,0.000000,0.00056243,0.000000,0.000000,1
0.000000,0.000000,0.014961,0.000000,0.000000,0.0342585,0.000000,0.00021683,0.000000,0.00477016,0.00021683,0.000000,0.000000,0.00021683,0.000000,0.000000,0.000000,0.000000,0.00238508,0.000000,0.00238508,0.0134432,0.000000,0.000000,0.000000,0.00238508,0.000000,0.000000,0.0112749,0.00151778,0.000000,0.00065048,0.000000,0.000000,0.000000,0.00216826,0.00043365,0.000000,0.000000,0.00173461,0.000000,0.000000,0.00043365,0.00108413,0.000000,0.00021683,0.0203816,0.00043365,0.000000,0.000000,0.000000,0.000000,0.000000,0.00043365,0.000000,0.000000,1
0.000000,0.000000,0.0151685,0.000000,0.000000,0.0297753,0.000000,0.000000,0.0002809,0.0109551,0.000000,0.000000,0.000000,0.000000,0.0002809,0.000000,0.000000,0.000000,0.00393258,0.000000,0.00196629,0.0182584,0.0005618,0.000000,0.000000,0.00926966,0.000000,0.000000,0.0129213,0.0005618,0.000000,0.00140449,0.000000,0.000000,0.000000,0.000000,0.000000,0.000000,0.00196629,0.00393258,0.000000,0.000000,0.0008427,0.0008427,0.000000,0.0002809,0.0176966,0.000000,0.000000,0.000000,0.000000,0.000000,0.000000,0.000000,0.000000,0.000000,1
0.000000,0.000000,0.0108905,0.000000,0.000000,0.030536,0.000000,0.000000,0.00021354,0.00491138,0.000000,0.000000,0.000000,0.00021354,0.00021354,0.000000,0.000000,0.000000,0.00106769,0.000000,0.000000,0.0153748,0.00128123,0.000000,0.000000,0.00405723,0.000000,0.000000,0.0155883,0.000000,0.000000,0.00085415,0.000000,0.000000,0.000000,0.00192184,0.00021354,0.000000,0.00106769,0.00363015,0.000000,0.000000,0.00042708,0.00064061,0.000000,0.00021354,0.0217809,0.00042708,0.000000,0.000000,0.000000,0.000000,0.000000,0.00042708,0.000000,0.000000,1
0.000000,0.000000,0.0283784,0.00067568,0.000000,0.0337838,0.000000,0.00067568,0.000000,0.00608108,0.000000,0.000000,0.000000,0.000000,0.000000,0.000000,0.000000,0.000000,0.00405405,0.000000,0.00405405,0.00675676,0.000000,0.000000,0.000000,0.00202703,0.000000,0.000000,0.0175676,0.00202703,0.000000,0.000000,0.000000,0.000000,0.000000,0.000000,0.00135135,0.000000,0.000000,0.00135135,0.000000,0.000000,0.000000,0.000000,0.000000,0.000000,0.025,0.00135135,0.000000,0.000000,0.000000,0.000000,0.000000,0.00405405,0.000000,0.000000,1
0.000000,0.000000,0.0268129,0.000000,0.000000,0.0383912,0.000000,0.000000,0.000000,0.0140158,0.00121877,0.000000,0.000000,0.000000,0.000000,0.000000,0.00121877,0.000000,0.00182815,0.000000,0.00304692,0.00975015,0.000000,0.000000,0.000000,0.00243754,0.000000,0.000000,0.0170628,0.00182815,0.000000,0.000000,0.000000,0.000000,0.000000,0.00060938,0.00121877,0.000000,0.000000,0.000000,0.000000,0.000000,0.00121877,0.00304692,0.000000,0.00060938,0.0262035,0.000000,0.000000,0.000000,0.000000,0.000000,0.000000,0.00060938,0.000000,0.000000,1
0.0014483,0.00019311,0.0208876,9.655e-05,0.00016092,0.0383959,0.000000,0.00022529,0.000000,0.00836793,0.00022529,0.000000,3.218e-05,3.218e-05,0.00016092,0.000000,0.000000,0.000000,0.00112645,3.218e-05,0.00196325,0.00746677,0.00131956,0.000000,0.000000,0.00469892,3.218e-05,0.00016092,0.0152876,0.00234946,0.000000,0.00125519,0.000000,0.000000,0.000000,0.00447362,0.0006115,0.000000,0.00025747,0.00141611,0.000000,0.000000,0.00125519,0.00096553,3.218e-05,0.00016092,0.0232693,0.00045058,0.000000,0.000000,3.218e-05,0.000000,0.00032184,0.00080461,0.000000,0.000000,2
0.001002,0.000000,0.0225451,0.0007515,0.0002505,0.0385771,0.000000,0.0002505,0.000000,0.00851703,0.000000,0.000501,0.000000,0.000000,0.000000,0.000000,0.000000,0.000000,0.00125251,0.000000,0.00250501,0.0117735,0.000501,0.000000,0.000000,0.00551102,0.0002505,0.000000,0.0142786,0.00450902,0.000000,0.001002,0.0002505,0.000000,0.000000,0.00325651,0.000000,0.000000,0.0007515,0.0007515,0.000000,0.000000,0.0002505,0.00150301,0.000000,0.0002505,0.0177856,0.000000,0.000000,0.000000,0.000000,0.000000,0.000000,0.000501,0.000000,0.000000,2
0.00103734,0.000000,0.0207469,0.000000,0.000000,0.0409751,0.000000,0.00051867,0.000000,0.0108921,0.000000,0.000000,0.000000,0.000000,0.00051867,0.000000,0.000000,0.000000,0.00103734,0.000000,0.00311203,0.00466805,0.00103734,0.000000,0.000000,0.00155602,0.000000,0.000000,0.0165975,0.00259336,0.000000,0.00155602,0.000000,0.000000,0.000000,0.00829876,0.000000,0.000000,0.000000,0.00414938,0.000000,0.000000,0.00155602,0.00155602,0.000000,0.00051867,0.0295643,0.00051867,0.000000,0.000000,0.000000,0.000000,0.000000,0.00155602,0.000000,0.000000,2
0.00019708,0.000000,0.00945999,0.00059125,0.000000,0.0321246,0.000000,0.000000,0.000000,0.00315333,0.000000,0.000000,0.000000,0.000000,0.00019708,0.000000,0.000000,0.000000,0.00197083,0.00019708,0.000000,0.0114308,0.00039417,0.000000,0.000000,0.0114308,0.000000,0.000000,0.0153725,0.00098542,0.000000,0.00019708,0.000000,0.000000,0.000000,0.00078833,0.000000,0.000000,0.00157667,0.0011825,0.000000,0.000000,0.000000,0.00197083,0.000000,0.000000,0.00768624,0.000000,0.000000,0.000000,0.000000,0.000000,0.000000,0.00019708,0.000000,0.000000,2
0.00143266,0.00016659,0.0210902,6.664e-05,0.00016659,0.0383155,0.000000,0.00023322,0.000000,0.0084294,0.00023322,0.000000,3.332e-05,3.332e-05,0.00016659,0.000000,0.000000,0.000000,0.0011328,3.332e-05,0.00203238,0.00736323,0.00126608,0.000000,0.000000,0.00476444,3.332e-05,0.00016659,0.0154261,0.00233224,0.000000,0.00126608,0.000000,0.000000,0.000000,0.00443127,0.00063304,0.000000,0.00026654,0.00133271,0.000000,0.000000,0.00129939,0.00099953,3.332e-05,0.00016659,0.0233224,0.0003665,0.000000,0.000000,3.332e-05,0.000000,0.00033318,0.00083294,0.000000,0.000000,2
0.00036819,0.000000,0.0239323,0.000000,0.000000,0.0401326,0.000000,0.000000,0.000000,0.00773196,0.000000,0.000000,0.000000,0.000000,0.000000,0.000000,0.000000,0.000000,0.00147275,0.000000,0.00147275,0.00662739,0.000000,0.000000,0.000000,0.00441826,0.000000,0.000000,0.0150957,0.00368189,0.000000,0.00147275,0.000000,0.000000,0.000000,0.00184094,0.000000,0.000000,0.000000,0.00036819,0.000000,0.000000,0.00110457,0.00110457,0.000000,0.00036819,0.025405,0.00036819,0.000000,0.000000,0.000000,0.000000,0.000000,0.000000,0.000000,0.000000,2
0.00070472,0.000000,0.0140944,0.00070472,0.000000,0.0352361,0.000000,0.00070472,0.000000,0.0098661,0.000000,0.000000,0.000000,0.000000,0.000000,0.000000,0.00070472,0.000000,0.00140944,0.000000,0.00140944,0.0105708,0.000000,0.000000,0.000000,0.00352361,0.000000,0.000000,0.02537,0.00352361,0.000000,0.00070472,0.000000,0.000000,0.000000,0.00634249,0.000000,0.000000,0.000000,0.000000,0.000000,0.000000,0.000000,0.000000,0.000000,0.000000,0.0288936,0.000000,0.000000,0.000000,0.000000,0.000000,0.000000,0.000000,0.000000,0.000000,3
0.00054885,0.00054885,0.0164654,0.000000,0.000000,0.0444566,0.000000,0.00219539,0.000000,0.0104281,0.000000,0.000000,0.000000,0.000000,0.00109769,0.000000,0.00054885,0.000000,0.00109769,0.000000,0.00219539,0.0164654,0.000000,0.000000,0.000000,0.00164654,0.000000,0.000000,0.0126235,0.00219539,0.000000,0.000000,0.000000,0.000000,0.000000,0.00329308,0.000000,0.000000,0.000000,0.000000,0.000000,0.000000,0.00164654,0.00054885,0.000000,0.000000,0.0197585,0.00054885,0.000000,0.000000,0.000000,0.000000,0.000000,0.00109769,0.000000,0.000000,3
0.000000,0.00130634,0.0124102,0.00065317,0.000000,0.0391901,0.000000,0.00130634,0.000000,0.0176355,0.000000,0.000000,0.000000,0.000000,0.00065317,0.000000,0.000000,0.000000,0.0019595,0.000000,0.00130634,0.0130634,0.000000,0.000000,0.000000,0.00065317,0.000000,0.000000,0.0130634,0.00587851,0.000000,0.000000,0.000000,0.000000,0.000000,0.00391901,0.000000,0.000000,0.000000,0.000000,0.000000,0.000000,0.000000,0.000000,0.000000,0.000000,0.0209014,0.000000,0.000000,0.000000,0.000000,0.000000,0.000000,0.000000,0.000000,0.000000,3
0.000000,0.00144509,0.0115607,0.00072254,0.000000,0.0462428,0.000000,0.000000,0.000000,0.017341,0.000000,0.000000,0.000000,0.000000,0.000000,0.000000,0.00072254,0.000000,0.00361272,0.000000,0.00578035,0.00939306,0.000000,0.000000,0.000000,0.00216763,0.000000,0.000000,0.0115607,0.00361272,0.000000,0.00144509,0.000000,0.000000,0.000000,0.00578035,0.000000,0.000000,0.000000,0.000000,0.00216763,0.000000,0.00144509,0.000000,0.000000,0.000000,0.0245665,0.00072254,0.000000,0.000000,0.000000,0.000000,0.000000,0.000000,0.000000,0.000000,3
0.00064893,0.00064893,0.0136275,0.00129786,0.000000,0.0382868,0.000000,0.00194679,0.000000,0.0168722,0.000000,0.000000,0.000000,0.000000,0.000000,0.000000,0.000000,0.000000,0.00259572,0.000000,0.00129786,0.01817,0.000000,0.000000,0.000000,0.00064893,0.000000,0.000000,0.0116807,0.00194679,0.000000,0.000000,0.000000,0.000000,0.000000,0.0045425,0.000000,0.000000,0.000000,0.000000,0.000000,0.000000,0.00194679,0.00064893,0.000000,0.000000,0.0240104,0.000000,0.000000,0.000000,0.000000,0.000000,0.000000,0.00064893,0.000000,0.000000,3
0.00082699,0.0001654,0.0137281,0.00165399,0.000000,0.0400265,0.000000,0.00165399,0.000000,0.0130665,0.000000,0.000000,0.000000,0.000000,0.00082699,0.000000,0.00099239,0.000000,0.00363877,0.000000,0.00099239,0.0170361,0.000000,0.000000,0.000000,0.0001654,0.000000,0.000000,0.0117433,0.00595435,0.000000,0.0004962,0.000000,0.000000,0.000000,0.00330797,0.0001654,0.000000,0.000000,0.000000,0.000000,0.000000,0.0001654,0.0003308,0.000000,0.000000,0.0216672,0.00066159,0.000000,0.000000,0.000000,0.000000,0.000000,0.00132319,0.000000,0.000000,3
0.000000,0.000000,0.0216734,0.0015121,0.000000,0.0292339,0.000000,0.000000,0.000000,0.00554435,0.000000,0.000000,0.000000,0.000000,0.00050403,0.000000,0.000000,0.000000,0.00554435,0.000000,0.000000,0.015625,0.000000,0.000000,0.000000,0.00252016,0.000000,0.000000,0.0201613,0.000000,0.000000,0.00252016,0.000000,0.000000,0.000000,0.00100806,0.000000,0.000000,0.000000,0.00302419,0.000000,0.000000,0.000000,0.000000,0.000000,0.000000,0.0100807,0.000000,0.000000,0.000000,0.000000,0.000000,0.000000,0.000000,0.00050403,0.000000,3
0.0004085,0.000000,0.0163399,0.0004085,0.000000,0.0347222,0.000000,0.00122549,0.000000,0.0114379,0.00081699,0.000000,0.000000,0.000000,0.00081699,0.000000,0.000000,0.000000,0.00285948,0.000000,0.00285948,0.0106209,0.000000,0.000000,0.000000,0.00122549,0.000000,0.000000,0.0183824,0.00326797,0.000000,0.00122549,0.000000,0.000000,0.000000,0.00245098,0.000000,0.000000,0.000000,0.00245098,0.000000,0.000000,0.0004085,0.00081699,0.000000,0.000000,0.0216503,0.000000,0.000000,0.000000,0.000000,0.000000,0.000000,0.000000,0.0004085,0.000000,3
0.000000,0.000000,0.0312012,0.000000,0.000000,0.0280811,0.000000,0.000000,0.000000,0.0109204,0.000000,0.000000,0.000000,0.000000,0.000000,0.000000,0.000000,0.000000,0.00156006,0.000000,0.000000,0.00468019,0.000000,0.000000,0.000000,0.0171607,0.000000,0.000000,0.0156006,0.000000,0.000000,0.000000,0.000000,0.000000,0.000000,0.000000,0.00156006,0.000000,0.000000,0.00156006,0.000000,0.000000,0.00156006,0.000000,0.000000,0.000000,0.0187207,0.000000,0.000000,0.000000,0.000000,0.000000,0.000000,0.000000,0.000000,0.000000,4
0.000000,0.000000,0.0125839,0.00251678,0.000000,0.0411074,0.000000,0.000000,0.00083893,0.00755034,0.000000,0.000000,0.000000,0.000000,0.00083893,0.000000,0.000000,0.000000,0.00503356,0.000000,0.000000,0.0125839,0.00251678,0.000000,0.000000,0.000000,0.000000,0.000000,0.010906,0.00083893,0.000000,0.00167785,0.000000,0.000000,0.000000,0.00419463,0.000000,0.000000,0.000000,0.0033557,0.000000,0.000000,0.00167785,0.00251678,0.000000,0.00083893,0.0218121,0.000000,0.000000,0.000000,0.000000,0.000000,0.00083893,0.000000,0.000000,0.000000,4
0.000000,0.000000,0.0206718,0.000000,0.000000,0.0387597,0.000000,0.000000,0.000000,0.00258398,0.000000,0.000000,0.000000,0.000000,0.000000,0.000000,0.000000,0.000000,0.000000,0.000000,0.000000,0.0232558,0.000000,0.000000,0.000000,0.00258398,0.000000,0.000000,0.0335917,0.000000,0.000000,0.000000,0.000000,0.000000,0.000000,0.00258398,0.000000,0.000000,0.000000,0.00775194,0.000000,0.000000,0.00258398,0.00258398,0.000000,0.000000,0.0129199,0.000000,0.000000,0.000000,0.000000,0.000000,0.000000,0.000000,0.000000,0.000000,4
0.000000,0.000000,0.000000,0.00934579,0.000000,0.0436137,0.000000,0.000000,0.000000,0.0155763,0.000000,0.000000,0.000000,0.000000,0.000000,0.000000,0.000000,0.000000,0.000000,0.000000,0.000000,0.00311526,0.000000,0.000000,0.000000,0.00311526,0.000000,0.000000,0.00311526,0.00623053,0.000000,0.00311526,0.000000,0.000000,0.000000,0.000000,0.000000,0.000000,0.000000,0.000000,0.000000,0.000000,0.00311526,0.000000,0.000000,0.000000,0.0373832,0.000000,0.000000,0.000000,0.000000,0.000000,0.000000,0.000000,0.000000,0.000000,4
0.000000,0.000000,0.0124224,0.000000,0.000000,0.0331263,0.000000,0.000000,0.000000,0.00414079,0.000000,0.000000,0.000000,0.000000,0.000000,0.00207039,0.000000,0.000000,0.000000,0.000000,0.000000,0.0144928,0.000000,0.000000,0.000000,0.00414079,0.000000,0.000000,0.0165631,0.000000,0.000000,0.00207039,0.000000,0.000000,0.000000,0.00207039,0.000000,0.000000,0.000000,0.00414079,0.000000,0.000000,0.00207039,0.00414079,0.000000,0.000000,0.010352,0.000000,0.000000,0.000000,0.000000,0.000000,0.000000,0.000000,0.000000,0.000000,4
0.00086133,0.000000,0.0155039,0.00086133,0.000000,0.0267011,0.000000,0.000000,0.000000,0.00258398,0.000000,0.000000,0.000000,0.000000,0.00172265,0.000000,0.000000,0.000000,0.00086133,0.000000,0.00086133,0.0137812,0.00344531,0.000000,0.000000,0.00344531,0.000000,0.000000,0.0215332,0.00430663,0.000000,0.00086133,0.000000,0.000000,0.000000,0.00172265,0.00172265,0.000000,0.000000,0.00086133,0.000000,0.000000,0.00086133,0.00172265,0.000000,0.000000,0.0163652,0.000000,0.000000,0.000000,0.000000,0.000000,0.000000,0.000000,0.000000,0.000000,4
0.000000,0.000000,0.012848,0.000000,0.000000,0.0449679,0.000000,0.000000,0.00214133,0.0107066,0.000000,0.000000,0.000000,0.000000,0.000000,0.000000,0.000000,0.000000,0.000000,0.00214133,0.000000,0.00428266,0.000000,0.000000,0.000000,0.0107066,0.000000,0.000000,0.0192719,0.000000,0.000000,0.000000,0.000000,0.000000,0.000000,0.00214133,0.000000,0.000000,0.000000,0.00214133,0.000000,0.000000,0.000000,0.00642398,0.000000,0.000000,0.0214133,0.000000,0.000000,0.000000,0.000000,0.000000,0.000000,0.00214133,0.000000,0.000000,4
0.000000,0.000000,0.0100376,0.000000,0.000000,0.0388959,0.000000,0.000000,0.000000,0.00752823,0.000000,0.000000,0.000000,0.000000,0.000000,0.000000,0.000000,0.000000,0.00250941,0.000000,0.000000,0.012547,0.000000,0.000000,0.000000,0.00376412,0.000000,0.000000,0.0112923,0.00250941,0.000000,0.00501882,0.000000,0.000000,0.000000,0.00125471,0.000000,0.000000,0.000000,0.00627353,0.000000,0.000000,0.000000,0.000000,0.000000,0.00250941,0.00878294,0.00125471,0.000000,0.000000,0.000000,0.000000,0.000000,0.000000,0.000000,0.000000,4
0.000000,0.000000,0.00968992,0.000000,0.000000,0.0368217,0.000000,0.000000,0.000000,0.00193798,0.000000,0.000000,0.000000,0.000000,0.000000,0.00193798,0.000000,0.000000,0.00193798,0.000000,0.000000,0.00775194,0.00193798,0.000000,0.000000,0.00968992,0.000000,0.000000,0.0155039,0.00193798,0.000000,0.00387597,0.000000,0.000000,0.000000,0.000000,0.000000,0.000000,0.000000,0.00193798,0.000000,0.000000,0.00193798,0.00193798,0.000000,0.000000,0.0135659,0.000000,0.000000,0.000000,0.000000,0.000000,0.000000,0.000000,0.000000,0.000000,4
0.000000,0.000000,0.0183674,0.00102041,0.000000,0.0255102,0.000000,0.000000,0.000000,0.0153061,0.000000,0.000000,0.000000,0.000000,0.000000,0.000000,0.000000,0.000000,0.00204082,0.000000,0.00204082,0.0142857,0.00204082,0.000000,0.000000,0.00306122,0.000000,0.000000,0.0244898,0.00204082,0.000000,0.00102041,0.000000,0.000000,0.000000,0.000000,0.000000,0.000000,0.000000,0.00102041,0.000000,0.000000,0.000000,0.00102041,0.000000,0.000000,0.0122449,0.000000,0.000000,0.000000,0.000000,0.000000,0.000000,0.000000,0.000000,0.000000,4
0.00078227,0.00026076,0.0156454,0.00026076,0.000000,0.0432855,0.000000,0.00013038,0.000000,0.00638853,0.00013038,0.000000,0.000000,0.000000,0.000000,0.000000,0.000000,0.000000,0.00560626,0.000000,0.00169492,0.0149935,0.00026076,0.000000,0.000000,0.00260756,0.000000,0.000000,0.0169491,0.00247718,0.000000,0.00091265,0.000000,0.000000,0.000000,0.00013038,0.000000,0.000000,0.000000,0.00182529,0.000000,0.000000,0.000000,0.00065189,0.000000,0.00013038,0.0114733,0.00078227,0.000000,0.00013038,0.000000,0.000000,0.00026076,0.00013038,0.000000,0.000000,5
0.00039761,0.000000,0.0151093,0.00198807,0.000000,0.0349901,0.000000,0.00039761,0.000000,0.00954274,0.00119284,0.000000,0.000000,0.000000,0.000000,0.000000,0.000000,0.000000,0.00397614,0.000000,0.00437376,0.0159046,0.00079523,0.000000,0.000000,0.00238569,0.000000,0.000000,0.0159046,0.00318091,0.000000,0.000000,0.000000,0.000000,0.000000,0.00198807,0.00039761,0.000000,0.000000,0.00079523,0.000000,0.000000,0.000000,0.000000,0.000000,0.000000,0.00914513,0.000000,0.000000,0.000000,0.000000,0.000000,0.000000,0.00039761,0.000000,0.000000,5
0.00064322,0.000000,0.016295,0.000000,0.000000,0.0358062,0.000000,0.00085763,0.000000,0.0077187,0.00042882,0.000000,0.000000,0.000000,0.000000,0.000000,0.000000,0.000000,0.00407376,0.000000,0.00128645,0.0182247,0.00042882,0.000000,0.000000,0.00235849,0.000000,0.000000,0.0173671,0.00042882,0.000000,0.00192967,0.000000,0.000000,0.000000,0.00235849,0.000000,0.000000,0.000000,0.00343053,0.000000,0.000000,0.000000,0.00064322,0.000000,0.000000,0.016295,0.00064322,0.000000,0.00021441,0.000000,0.000000,0.000000,0.00064322,0.00021441,0.000000,5
0.000000,0.000000,0.0113686,0.00131176,0.000000,0.0354176,0.000000,0.000000,0.000000,0.00546568,0.00043725,0.000000,0.000000,0.000000,0.000000,0.000000,0.000000,0.000000,0.00459117,0.000000,0.00065588,0.0104941,0.00065588,0.000000,0.000000,0.00262352,0.000000,0.000000,0.0183647,0.00109314,0.000000,0.00109314,0.000000,0.000000,0.000000,0.00109314,0.000000,0.000000,0.000000,0.00437254,0.000000,0.000000,0.00043725,0.000000,0.000000,0.000000,0.0198951,0.00021863,0.000000,0.000000,0.000000,0.000000,0.00021863,0.00021863,0.000000,0.000000,5
0.000000,0.000000,0.0206314,0.0006252,0.000000,0.0412629,0.000000,0.0006252,0.000000,0.00500156,0.000000,0.000000,0.000000,0.000000,0.000000,0.000000,0.000000,0.000000,0.00500156,0.000000,0.0003126,0.0171929,0.0006252,0.000000,0.000000,0.00156299,0.0003126,0.000000,0.0171929,0.00218818,0.000000,0.00156299,0.000000,0.000000,0.000000,0.00218818,0.000000,0.000000,0.000000,0.00437637,0.000000,0.000000,0.00093779,0.000000,0.0006252,0.000000,0.0143795,0.0003126,0.000000,0.000000,0.000000,0.000000,0.000000,0.0003126,0.000000,0.000000,5
0.000000,0.000000,0.018361,0.000000,0.000000,0.0420958,0.000000,0.000000,0.000000,0.00582176,0.000000,0.000000,0.000000,0.000000,0.000000,0.000000,0.000000,0.000000,0.00582176,0.000000,0.00089566,0.0255262,0.00268697,0.000000,0.000000,0.00179131,0.000000,0.000000,0.0147783,0.00223914,0.000000,0.000000,0.000000,0.000000,0.000000,0.00179131,0.000000,0.000000,0.000000,0.0031348,0.000000,0.000000,0.00134348,0.00044783,0.000000,0.000000,0.0147783,0.000000,0.000000,0.00089566,0.000000,0.000000,0.000000,0.000000,0.000000,0.000000,5
0.00039667,0.000000,0.0158667,0.000000,0.000000,0.0380801,0.000000,0.000000,0.000000,0.00793336,0.000000,0.000000,0.000000,0.000000,0.000000,0.000000,0.000000,0.000000,0.00436335,0.000000,0.00238001,0.01547,0.00277668,0.000000,0.000000,0.00119,0.000000,0.000000,0.0103134,0.00158667,0.000000,0.00079334,0.000000,0.000000,0.000000,0.00198334,0.00039667,0.000000,0.000000,0.00595002,0.000000,0.000000,0.00039667,0.000000,0.000000,0.000000,0.0261801,0.000000,0.000000,0.00039667,0.000000,0.000000,0.00039667,0.00198334,0.000000,0.000000,5
0.000000,0.000000,0.0198591,0.000000,0.000000,0.0358744,0.000000,0.000000,0.000000,0.00320307,0.000000,0.000000,0.000000,0.000000,0.00064061,0.000000,0.000000,0.000000,0.00192184,0.000000,0.00320307,0.0153748,0.000000,0.000000,0.000000,0.00512492,0.000000,0.000000,0.0198591,0.000000,0.000000,0.00192184,0.000000,0.000000,0.000000,0.00064061,0.000000,0.000000,0.000000,0.000000,0.000000,0.000000,0.00064061,0.000000,0.000000,0.00128123,0.0147341,0.00128123,0.000000,0.000000,0.000000,0.000000,0.000000,0.000000,0.000000,0.000000,5
0.00041348,0.000000,0.0188133,0.00020674,0.00020674,0.0376266,0.000000,0.000000,0.000000,0.00682241,0.00041348,0.000000,0.000000,0.000000,0.000000,0.000000,0.000000,0.000000,0.00496175,0.000000,0.00082696,0.0163324,0.00020674,0.000000,0.000000,0.00268762,0.000000,0.000000,0.0173661,0.00165392,0.000000,0.00062022,0.000000,0.000000,0.000000,0.00186066,0.000000,0.000000,0.000000,0.0020674,0.000000,0.000000,0.00020674,0.00020674,0.00020674,0.000000,0.0171594,0.00041348,0.000000,0.000000,0.000000,0.000000,0.000000,0.00041348,0.00020674,0.000000,5
0.000000,0.000000,0.0158091,0.00057488,0.000000,0.0477149,0.000000,0.000000,0.000000,0.00804829,0.000000,0.000000,0.000000,0.000000,0.00028744,0.000000,0.000000,0.000000,0.00546134,0.000000,0.00057488,0.0129348,0.00229951,0.000000,0.000000,0.00143719,0.000000,0.000000,0.0198333,0.00086232,0.000000,0.00172463,0.000000,0.000000,0.000000,0.00028744,0.000000,0.000000,0.00057488,0.00373671,0.000000,0.000000,0.00057488,0.000000,0.000000,0.000000,0.0140845,0.00086232,0.000000,0.000000,0.000000,0.000000,0.000000,0.00057488,0.00028744,0.000000,5
0.00505051,0.000000,0.010101,0.000000,0.000000,0.0454545,0.000000,0.000000,0.000000,0.0151515,0.000000,0.000000,0.000000,0.000000,0.000000,0.000000,0.000000,0.000000,0.010101,0.000000,0.000000,0.00505051,0.00505051,0.000000,0.000000,0.000000,0.000000,0.000000,0.0151515,0.000000,0.000000,0.000000,0.000000,0.000000,0.000000,0.000000,0.000000,0.000000,0.000000,0.000000,0.000000,0.000000,0.000000,0.000000,0.000000,0.000000,0.0353535,0.000000,0.000000,0.000000,0.000000,0.000000,0.000000,0.000000,0.000000,0.000000,6
0.000000,0.000000,0.000000,0.000000,0.000000,0.0733945,0.000000,0.000000,0.000000,0.0183486,0.000000,0.000000,0.000000,0.000000,0.000000,0.000000,0.000000,0.000000,0.000000,0.000000,0.000000,0.0275229,0.000000,0.000000,0.000000,0.00917431,0.000000,0.000000,0.000000,0.000000,0.000000,0.000000,0.000000,0.000000,0.000000,0.000000,0.000000,0.000000,0.000000,0.000000,0.000000,0.000000,0.00917431,0.000000,0.000000,0.000000,0.00917431,0.000000,0.000000,0.000000,0.000000,0.000000,0.000000,0.000000,0.000000,0.000000,6
0.000000,0.000000,0.0126761,0.000000,0.000000,0.0309859,0.000000,0.000000,0.000000,0.0084507,0.000000,0.000000,0.000000,0.000000,0.000000,0.000000,0.000000,0.000000,0.0028169,0.000000,0.0126761,0.00704225,0.000000,0.000000,0.000000,0.0028169,0.000000,0.000000,0.015493,0.0126761,0.000000,0.0028169,0.000000,0.000000,0.000000,0.000000,0.000000,0.000000,0.000000,0.000000,0.000000,0.000000,0.000000,0.000000,0.000000,0.000000,0.0112676,0.000000,0.000000,0.000000,0.000000,0.000000,0.000000,0.000000,0.000000,0.000000,6
0.000000,0.000000,0.0103421,0.000000,0.000000,0.0517104,0.000000,0.000000,0.000000,0.0206842,0.000000,0.000000,0.000000,0.000000,0.00079554,0.000000,0.000000,0.000000,0.000000,0.000000,0.00159109,0.0159109,0.000000,0.000000,0.000000,0.00556881,0.000000,0.000000,0.0151154,0.00397772,0.000000,0.00159109,0.000000,0.000000,0.000000,0.00397772,0.000000,0.000000,0.000000,0.00318218,0.000000,0.000000,0.00159109,0.00079554,0.000000,0.000000,0.0286396,0.000000,0.000000,0.000000,0.000000,0.000000,0.000000,0.000000,0.000000,0.000000,6
0.000000,0.000000,0.00966184,0.000000,0.000000,0.0338164,0.000000,0.000000,0.000000,0.000000,0.000000,0.000000,0.000000,0.000000,0.000000,0.000000,0.000000,0.000000,0.000000,0.000000,0.000000,0.0193237,0.000000,0.000000,0.000000,0.00483092,0.000000,0.000000,0.00483092,0.00483092,0.000000,0.000000,0.000000,0.000000,0.000000,0.000000,0.000000,0.000000,0.000000,0.00483092,0.000000,0.000000,0.000000,0.000000,0.000000,0.000000,0.0338164,0.000000,0.000000,0.000000,0.000000,0.000000,0.000000,0.000000,0.000000,0.000000,6
0.000000,0.000000,0.0147368,0.000000,0.000000,0.0421053,0.000000,0.000000,0.000000,0.0189474,0.000000,0.000000,0.000000,0.000000,0.000000,0.000000,0.000000,0.000000,0.00210526,0.000000,0.00421053,0.0126316,0.00210526,0.000000,0.000000,0.000000,0.000000,0.000000,0.031579,0.00842105,0.000000,0.000000,0.000000,0.000000,0.000000,0.00421053,0.000000,0.000000,0.000000,0.00421053,0.000000,0.000000,0.00421053,0.000000,0.000000,0.000000,0.0126316,0.000000,0.000000,0.000000,0.000000,0.000000,0.000000,0.000000,0.000000,0.000000,6
0.000000,0.000000,0.0116009,0.000000,0.000000,0.0464037,0.000000,0.000000,0.000000,0.00464037,0.000000,0.000000,0.000000,0.000000,0.000000,0.000000,0.000000,0.000000,0.00232019,0.000000,0.000000,0.00928074,0.000000,0.000000,0.000000,0.00232019,0.000000,0.000000,0.0208817,0.000000,0.000000,0.000000,0.000000,0.000000,0.000000,0.00232019,0.000000,0.000000,0.000000,0.00232019,0.000000,0.000000,0.00232019,0.00696056,0.000000,0.000000,0.0208817,0.000000,0.000000,0.000000,0.000000,0.000000,0.000000,0.00232019,0.000000,0.000000,6
0.000000,0.000000,0.0109091,0.000000,0.000000,0.0654546,0.000000,0.000000,0.000000,0.0145454,0.000000,0.000000,0.000000,0.000000,0.000000,0.000000,0.000000,0.000000,0.000000,0.000000,0.00727273,0.0145454,0.000000,0.000000,0.000000,0.000000,0.000000,0.000000,0.0145454,0.00363636,0.000000,0.000000,0.000000,0.000000,0.000000,0.00363636,0.000000,0.000000,0.000000,0.00363636,0.000000,0.000000,0.00363636,0.000000,0.000000,0.000000,0.00727273,0.000000,0.000000,0.000000,0.000000,0.000000,0.000000,0.000000,0.000000,0.000000,6
0.0002231,0.000000,0.0136834,7.437e-05,0.000000,0.034952,0.000000,0.00052056,0.000000,0.00699041,0.000000,0.000000,0.000000,0.000000,7.437e-05,0.000000,0.000000,0.000000,0.00156169,0.000000,0.00133859,0.00818026,0.00059493,0.000000,0.000000,0.00089239,0.000000,0.000000,0.0171786,0.00185915,0.000000,0.00074366,0.000000,0.000000,0.000000,0.00178478,0.00066929,0.000000,0.000000,0.00104112,0.000000,0.000000,0.00193352,0.00066929,0.00014873,0.000000,0.0168067,0.000000,0.000000,0.000000,0.000000,0.000000,0.000000,0.00014873,0.000000,0.000000,7
0.000000,0.000000,0.0134168,0.000000,0.000000,0.0402505,0.000000,0.000000,0.000000,0.00268336,0.000000,0.000000,0.000000,0.000000,0.000000,0.000000,0.000000,0.000000,0.00089445,0.000000,0.00089445,0.0134168,0.00089445,0.000000,0.000000,0.000000,0.000000,0.000000,0.0178891,0.00357782,0.000000,0.00268336,0.000000,0.000000,0.000000,0.00178891,0.000000,0.000000,0.000000,0.00178891,0.000000,0.000000,0.00089445,0.00357782,0.000000,0.000000,0.0125224,0.000000,0.000000,0.000000,0.000000,0.000000,0.000000,0.000000,0.000000,0.000000,7
0.000000,0.000000,0.0150652,0.000000,0.000000,0.0370521,0.000000,0.000000,0.000000,0.00610749,0.000000,0.000000,0.000000,0.000000,0.000000,0.000000,0.000000,0.000000,0.0012215,0.000000,0.00203583,0.0114007,0.00040717,0.000000,0.000000,0.0012215,0.000000,0.000000,0.0154723,0.0012215,0.000000,0.00203583,0.000000,0.000000,0.000000,0.00285016,0.00081433,0.000000,0.000000,0.00407166,0.000000,0.000000,0.00203583,0.00040717,0.000000,0.000000,0.0240228,0.000000,0.000000,0.000000,0.000000,0.000000,0.000000,0.000000,0.000000,0.000000,7
0.000000,0.000000,0.0136698,0.000000,0.000000,0.0462671,0.000000,0.000000,0.000000,0.0084122,0.000000,0.000000,0.000000,0.000000,0.000000,0.000000,0.000000,0.000000,0.000000,0.000000,0.000000,0.0126183,0.000000,0.000000,0.000000,0.000000,0.000000,0.000000,0.0115668,0.00210305,0.000000,0.00105152,0.000000,0.000000,0.000000,0.0042061,0.000000,0.000000,0.000000,0.0042061,0.000000,0.000000,0.000000,0.00105152,0.000000,0.000000,0.0115668,0.000000,0.000000,0.000000,0.000000,0.000000,0.000000,0.000000,0.000000,0.000000,7
0.0014771,0.000000,0.0162481,0.000000,0.000000,0.0502216,0.000000,0.000000,0.000000,0.00886263,0.000000,0.000000,0.000000,0.000000,0.000000,0.000000,0.000000,0.000000,0.00295421,0.000000,0.0014771,0.00886263,0.000000,0.000000,0.000000,0.000000,0.000000,0.000000,0.00738552,0.00295421,0.000000,0.000000,0.000000,0.000000,0.000000,0.000000,0.0014771,0.000000,0.000000,0.0014771,0.000000,0.000000,0.00443131,0.0014771,0.000000,0.000000,0.0118168,0.000000,0.000000,0.000000,0.000000,0.000000,0.000000,0.000000,0.000000,0.000000,7
0.000000,0.000000,0.0126671,0.000000,0.000000,0.0401126,0.000000,0.000000,0.000000,0.00422238,0.000000,0.000000,0.000000,0.000000,0.000000,0.000000,0.000000,0.000000,0.000000,0.000000,0.000000,0.0112597,0.000000,0.000000,0.000000,0.00140746,0.000000,0.000000,0.00985222,0.00281492,0.000000,0.000000,0.000000,0.000000,0.000000,0.00351865,0.00070373,0.000000,0.000000,0.00211119,0.000000,0.000000,0.00070373,0.00211119,0.000000,0.000000,0.0140746,0.000000,0.000000,0.000000,0.000000,0.000000,0.000000,0.000000,0.000000,0.000000,7
0.000000,0.000000,0.0150943,0.000000,0.000000,0.0394511,0.000000,0.00205832,0.000000,0.00891938,0.000000,0.000000,0.000000,0.000000,0.00034305,0.000000,0.000000,0.000000,0.00034305,0.000000,0.00068611,0.00891938,0.00034305,0.000000,0.000000,0.00068611,0.000000,0.000000,0.0106347,0.00137221,0.000000,0.00034305,0.000000,0.000000,0.000000,0.00240137,0.000000,0.000000,0.000000,0.00171527,0.000000,0.000000,0.00068611,0.000000,0.000000,0.000000,0.0205832,0.000000,0.000000,0.000000,0.000000,0.000000,0.000000,0.00171527,0.000000,0.000000,7
0.000000,0.000000,0.0180926,0.000000,0.000000,0.034652,0.000000,0.00030665,0.000000,0.00490647,0.000000,0.000000,0.000000,0.000000,0.000000,0.000000,0.000000,0.000000,0.00122662,0.000000,0.00214658,0.00551978,0.00061331,0.000000,0.000000,0.00183993,0.000000,0.000000,0.0162527,0.00306654,0.000000,0.00122662,0.000000,0.000000,0.000000,0.00153327,0.00030665,0.000000,0.000000,0.00091996,0.000000,0.000000,0.00153327,0.000000,0.000000,0.000000,0.0187059,0.000000,0.000000,0.000000,0.000000,0.000000,0.000000,0.00030665,0.000000,0.000000,7
0.000000,0.000000,0.0146396,0.000000,0.000000,0.0478604,0.000000,0.000000,0.000000,0.00675676,0.00056306,0.000000,0.000000,0.000000,0.00056306,0.000000,0.000000,0.000000,0.00225225,0.000000,0.00056306,0.00731982,0.000000,0.000000,0.000000,0.00112613,0.000000,0.000000,0.018018,0.00394144,0.000000,0.000000,0.000000,0.000000,0.000000,0.00112613,0.00056306,0.000000,0.000000,0.00112613,0.000000,0.000000,0.00112613,0.00056306,0.000000,0.000000,0.0202703,0.000000,0.000000,0.000000,0.000000,0.000000,0.000000,0.000000,0.000000,0.000000,7
0.000000,0.000000,0.00940439,0.000000,0.000000,0.0282132,0.000000,0.000000,0.000000,0.00626959,0.000000,0.000000,0.000000,0.000000,0.000000,0.000000,0.000000,0.000000,0.0015674,0.000000,0.0031348,0.00783699,0.000000,0.000000,0.000000,0.000000,0.000000,0.000000,0.0250784,0.0015674,0.000000,0.000000,0.000000,0.000000,0.000000,0.000000,0.000000,0.000000,0.000000,0.000000,0.000000,0.000000,0.0015674,0.000000,0.000000,0.000000,0.0219436,0.000000,0.000000,0.000000,0.000000,0.000000,0.000000,0.000000,0.000000,0.000000,7
0.000000,0.000000,0.0232558,0.00101112,0.000000,0.0323559,0.000000,0.000000,0.000000,0.0091001,0.000000,0.000000,0.000000,0.000000,0.000000,0.000000,0.000000,0.000000,0.00202224,0.000000,0.000000,0.00707786,0.000000,0.000000,0.000000,0.00505561,0.000000,0.000000,0.0182002,0.00202224,0.000000,0.00303337,0.000000,0.000000,0.000000,0.00101112,0.000000,0.000000,0.000000,0.00303337,0.000000,0.000000,0.00101112,0.000000,0.000000,0.000000,0.0131446,0.00101112,0.000000,0.000000,0.000000,0.000000,0.000000,0.000000,0.000000,0.000000,8
0.000000,0.000000,0.0122699,0.00383436,0.000000,0.0230061,0.000000,0.000000,0.000000,0.00460123,0.000000,0.000000,0.000000,0.000000,0.000000,0.000000,0.000000,0.000000,0.00076687,0.000000,0.00076687,0.00843558,0.000000,0.000000,0.000000,0.0053681,0.000000,0.000000,0.0260736,0.00076687,0.000000,0.000000,0.000000,0.000000,0.000000,0.00230061,0.00076687,0.000000,0.000000,0.00153374,0.000000,0.000000,0.00230061,0.000000,0.000000,0.000000,0.0115031,0.000000,0.000000,0.000000,0.000000,0.000000,0.000000,0.000000,0.000000,0.000000,8
0.000000,0.000000,0.018714,0.000000,0.000000,0.0340691,0.000000,0.000000,0.000000,0.00575816,0.000000,0.000000,0.000000,0.00047985,0.000000,0.000000,0.000000,0.000000,0.00047985,0.000000,0.00239923,0.00959693,0.00239923,0.000000,0.000000,0.00479846,0.000000,0.000000,0.0143954,0.00143954,0.000000,0.00095969,0.000000,0.000000,0.000000,0.00143954,0.000000,0.000000,0.000000,0.00191939,0.000000,0.000000,0.00287908,0.00095969,0.000000,0.00095969,0.0235125,0.000000,0.000000,0.000000,0.000000,0.000000,0.000000,0.00095969,0.000000,0.000000,8
0.000000,0.000000,0.0213971,0.000000,0.000000,0.0365009,0.000000,0.000000,0.000000,0.00566394,0.000000,0.000000,0.000000,0.000000,0.000000,0.000000,0.000000,0.000000,0.00062933,0.000000,0.000000,0.0106985,0.000000,0.000000,0.000000,0.00251731,0.000000,0.000000,0.0169918,0.00062933,0.000000,0.00125865,0.000000,0.000000,0.000000,0.000000,0.000000,0.000000,0.000000,0.00062933,0.000000,0.000000,0.00125865,0.000000,0.000000,0.000000,0.0201384,0.000000,0.000000,0.000000,0.000000,0.000000,0.000000,0.000000,0.000000,0.000000,8
0.000000,0.000000,0.010585,0.0005571,0.000000,0.037883,0.000000,0.00111421,0.000000,0.00501393,0.00111421,0.000000,0.000000,0.000000,0.000000,0.0005571,0.000000,0.000000,0.00111421,0.000000,0.00111421,0.00947075,0.000000,0.000000,0.000000,0.00445682,0.000000,0.000000,0.0167131,0.0005571,0.000000,0.00222841,0.000000,0.000000,0.000000,0.00167131,0.00111421,0.000000,0.000000,0.00278552,0.000000,0.000000,0.00111421,0.000000,0.000000,0.000000,0.0189415,0.000000,0.000000,0.000000,0.000000,0.000000,0.000000,0.000000,0.000000,0.000000,8
0.000000,0.000000,0.0200642,0.000000,0.000000,0.0441412,0.000000,0.000000,0.000000,0.00321027,0.000000,0.000000,0.000000,0.000000,0.000000,0.000000,0.000000,0.000000,0.00080257,0.000000,0.00080257,0.0152488,0.000000,0.000000,0.000000,0.00481541,0.000000,0.000000,0.00561798,0.000000,0.000000,0.00080257,0.000000,0.000000,0.000000,0.00321027,0.00160514,0.000000,0.000000,0.00321027,0.000000,0.000000,0.000000,0.00160514,0.000000,0.000000,0.0176565,0.00080257,0.000000,0.000000,0.000000,0.000000,0.000000,0.00080257,0.000000,0.000000,8
0.00022411,0.000000,0.0161363,0.00044823,0.000000,0.035186,0.000000,0.000000,0.000000,0.00672344,0.000000,0.000000,0.000000,0.000000,0.00044823,0.000000,0.000000,0.000000,0.00224115,0.000000,0.00044823,0.0091887,0.00112057,0.000000,0.000000,0.00560287,0.000000,0.000000,0.0127745,0.00044823,0.000000,0.00112057,0.000000,0.000000,0.000000,0.00268938,0.00134469,0.000000,0.000000,0.00201703,0.000000,0.000000,0.00112057,0.00067234,0.000000,0.000000,0.0188256,0.00067234,0.000000,0.000000,0.000000,0.000000,0.000000,0.00044823,0.000000,0.000000,8
0.00012631,0.000000,0.0136415,0.00025262,0.000000,0.0305671,0.000000,0.00012631,0.000000,0.00694708,0.00012631,0.000000,0.000000,0.000000,0.000000,0.000000,0.000000,0.000000,0.00202097,0.000000,0.00151573,0.0084628,0.0012631,0.000000,0.000000,0.00454718,0.000000,0.000000,0.0145257,0.00050524,0.000000,0.00075786,0.000000,0.000000,0.000000,0.00189466,0.00050524,0.000000,0.000000,0.00113679,0.000000,0.000000,0.00101048,0.00050524,0.000000,0.000000,0.0193255,0.000000,0.000000,0.000000,0.000000,0.000000,0.00012631,0.00025262,0.000000,0.000000,8
0.000000,0.000000,0.0165126,0.000000,0.000000,0.0323646,0.000000,0.000000,0.000000,0.00330251,0.000000,0.000000,0.000000,0.00198151,0.000000,0.0006605,0.000000,0.000000,0.00264201,0.000000,0.0006605,0.0112285,0.0006605,0.000000,0.000000,0.00264201,0.000000,0.000000,0.015852,0.001321,0.000000,0.000000,0.000000,0.000000,0.000000,0.001321,0.0006605,0.000000,0.000000,0.00198151,0.000000,0.000000,0.001321,0.001321,0.000000,0.000000,0.0284016,0.000000,0.000000,0.000000,0.000000,0.000000,0.000000,0.0006605,0.000000,0.000000,8
0.0001705,0.000000,0.0186701,0.000000,0.000000,0.0317988,0.000000,8.525e-05,0.000000,0.00690537,0.000000,0.000000,0.000000,0.000000,8.525e-05,0.000000,0.000000,0.000000,0.00153453,0.000000,0.00289855,0.00963342,0.00034101,0.000000,0.000000,0.00400682,0.000000,0.000000,0.0127025,0.00187553,0.000000,0.00025575,0.000000,0.000000,0.000000,0.00272805,0.00093777,0.000000,0.000000,0.00170503,0.000000,0.000000,0.00144928,0.00051151,0.00042626,0.00025575,0.0225064,8.525e-05,0.000000,0.000000,0.000000,0.000000,0.0001705,0.00034101,0.000000,0.000000,8
0.000000,0.000000,0.0119695,0.000000,0.000000,0.0331883,0.000000,0.00054407,0.000000,0.00652884,0.000000,0.000000,0.000000,0.000000,0.000000,0.000000,0.000000,0.000000,0.00054407,0.000000,0.00272035,0.00979325,0.00054407,0.000000,0.000000,0.00489663,0.000000,0.000000,0.0114255,0.00108814,0.000000,0.00108814,0.000000,0.000000,0.000000,0.00108814,0.00108814,0.000000,0.000000,0.00326442,0.000000,0.000000,0.00108814,0.000000,0.000000,0.000000,0.0223069,0.000000,0.000000,0.000000,0.000000,0.000000,0.000000,0.000000,0.000000,0.000000,8
0.000000,0.000000,0.0181818,0.000000,0.000000,0.0395257,0.000000,0.000000,0.000000,0.00632411,0.000000,0.000000,0.000000,0.000000,0.000000,0.000000,0.000000,0.000000,0.00079051,0.000000,0.00079051,0.00790514,0.000000,0.000000,0.000000,0.00395257,0.000000,0.000000,0.0142293,0.00237154,0.000000,0.000000,0.000000,0.000000,0.000000,0.00079051,0.000000,0.000000,0.000000,0.00237154,0.000000,0.000000,0.000000,0.000000,0.000000,0.000000,0.0126482,0.00079051,0.000000,0.000000,0.000000,0.000000,0.000000,0.00158103,0.000000,0.000000,8
0.000000,0.000000,0.0241935,0.000000,0.000000,0.0427419,0.000000,0.00403226,0.000000,0.00564516,0.000000,0.000000,0.000000,0.000000,0.000000,0.000000,0.000000,0.000000,0.00080645,0.000000,0.00241935,0.0104839,0.000000,0.000000,0.000000,0.00322581,0.000000,0.000000,0.0120968,0.00241935,0.000000,0.000000,0.000000,0.000000,0.000000,0.00241935,0.000000,0.000000,0.000000,0.00322581,0.000000,0.000000,0.00241935,0.0016129,0.000000,0.000000,0.016129,0.00080645,0.000000,0.000000,0.000000,0.000000,0.000000,0.000000,0.000000,0.000000,8
0.000000,0.000000,0.0239494,0.000000,0.000000,0.0275644,0.000000,0.000000,0.000000,0.00406688,0.000000,0.000000,0.000000,0.000000,0.000000,0.000000,0.000000,0.000000,0.0018075,0.000000,0.00225938,0.0117488,0.00045188,0.000000,0.000000,0.00316313,0.000000,0.000000,0.0194306,0.00045188,0.000000,0.0018075,0.000000,0.000000,0.000000,0.00225938,0.00045188,0.000000,0.000000,0.0018075,0.000000,0.000000,0.00045188,0.000000,0.000000,0.000000,0.0167194,0.000000,0.000000,0.000000,0.000000,0.000000,0.000000,0.00045188,0.000000,0.000000,8
0.000000,0.000000,0.0167818,0.000000,0.000000,0.0368542,0.000000,0.00032906,0.000000,0.00658111,0.00032906,0.000000,0.000000,0.00032906,0.000000,0.000000,0.000000,0.000000,0.00230339,0.000000,0.00131622,0.00855545,0.00065811,0.000000,0.000000,0.00329056,0.000000,0.000000,0.017769,0.00131622,0.000000,0.00164528,0.000000,0.000000,0.000000,0.00230339,0.00065811,0.000000,0.000000,0.00263244,0.000000,0.000000,0.00065811,0.000000,0.000000,0.00032906,0.0246792,0.000000,0.000000,0.000000,0.000000,0.000000,0.000000,0.00065811,0.000000,0.000000,8
0.00106724,0.000000,0.0141409,0.000000,0.000000,0.0346852,0.000000,0.00026681,0.000000,0.00693703,0.000000,0.000000,0.000000,0.000000,0.00240128,0.000000,0.000000,0.000000,0.00373533,0.000000,0.00080043,0.0184098,0.00053362,0.000000,0.000000,0.00453575,0.000000,0.000000,0.0122732,0.00560299,0.000000,0.00026681,0.000000,0.000000,0.000000,0.00106724,0.000000,0.000000,0.000000,0.00160085,0.000000,0.000000,0.00080043,0.00053362,0.000000,0.00026681,0.0154749,0.00053362,0.000000,0.000000,0.000000,0.000000,0.000000,0.00080043,0.00026681,0.000000,9
0.00105283,0.000000,0.0129211,0.00038285,0.000000,0.0286179,0.000000,0.00028714,0.000000,0.00775268,0.00057427,0.000000,0.000000,0.000000,0.00019142,0.000000,0.000000,0.000000,0.00248851,0.000000,0.00191424,0.0114854,0.00095712,0.000000,0.000000,0.00162711,0.000000,0.000000,0.012634,0.00411562,0.000000,0.00143568,0.000000,9.571e-05,0.000000,0.00153139,0.00019142,0.000000,0.000000,0.00105283,0.000000,0.000000,0.00220138,9.571e-05,0.000000,0.000000,0.0268951,0.00047856,0.000000,0.000000,0.000000,0.000000,9.571e-05,0.000000,9.571e-05,0.000000,9
0.00156617,0.000000,0.0148786,0.000000,0.000000,0.0430697,0.000000,0.00078309,0.000000,0.0054816,0.000000,0.000000,0.000000,0.000000,0.00156617,0.000000,0.000000,0.000000,0.00391543,0.000000,0.00156617,0.0164448,0.000000,0.000000,0.000000,0.00469851,0.000000,0.000000,0.00861394,0.00391543,0.000000,0.00234926,0.000000,0.000000,0.000000,0.00156617,0.000000,0.000000,0.000000,0.00156617,0.000000,0.000000,0.000000,0.000000,0.000000,0.000000,0.0125294,0.000000,0.000000,0.000000,0.000000,0.000000,0.000000,0.000000,0.000000,0.000000,9
0.000000,0.000000,0.017636,0.000000,0.000000,0.0273921,0.000000,0.00150094,0.000000,0.00787992,0.000000,0.000000,0.000000,0.000000,0.00075047,0.000000,0.000000,0.000000,0.00262664,0.000000,0.00150094,0.0146341,0.000000,0.000000,0.000000,0.0135084,0.000000,0.000000,0.0131332,0.00187617,0.000000,0.00337711,0.000000,0.000000,0.000000,0.00262664,0.0011257,0.000000,0.00037523,0.00150094,0.000000,0.000000,0.00150094,0.00225141,0.000000,0.000000,0.0236398,0.000000,0.000000,0.000000,0.000000,0.000000,0.000000,0.000000,0.000000,0.000000,9
0.00055402,0.000000,0.0163435,0.000000,0.000000,0.0288089,0.000000,0.00077562,5.54e-05,0.00686981,0.000000,0.000000,0.000000,0.000000,0.00033241,0.000000,0.000000,0.000000,0.00277008,0.000000,0.00216066,0.0149585,0.0001108,0.000000,0.000000,0.00592798,0.000000,0.000000,0.0119668,0.00376731,0.000000,0.00149584,0.000000,0.000000,0.000000,0.00227147,0.00022161,0.000000,0.000000,0.00132964,0.000000,0.000000,0.00121884,0.00022161,0.00022161,0.0001662,0.0184487,0.000000,0.0001108,0.000000,0.000000,0.000000,0.000000,0.00022161,0.000000,0.000000,9
0.00037333,0.000000,0.0139625,0.000000,2.489e-05,0.0300157,0.000000,0.00069688,0.000000,0.0065706,2.489e-05,0.000000,0.000000,2.489e-05,0.0006471,0.000000,0.000000,0.000000,0.00176709,2.489e-05,0.00156798,0.0175963,0.00032355,0.000000,0.000000,0.00674482,0.000000,0.000000,0.0128674,0.00288708,0.000000,0.00136887,0.000000,0.000000,0.000000,0.00129421,9.955e-05,0.000000,9.955e-05,0.00107021,0.000000,0.000000,0.00154309,0.00037333,4.978e-05,2.489e-05,0.0169989,0.00034844,0.000000,0.000000,0.000000,2.489e-05,0.00014933,0.00059733,0.000000,0.000000,9
0.00110254,0.000000,0.0146086,0.00206725,0.000000,0.0344542,0.000000,0.00055127,0.000000,0.00785557,0.00013782,0.000000,0.000000,0.000000,0.00110254,0.000000,0.000000,0.000000,0.0056505,0.000000,0.00096472,0.012817,0.00124035,0.000000,0.000000,0.00606395,0.000000,0.000000,0.0121279,0.00372106,0.000000,0.00124035,0.000000,0.000000,0.000000,0.0016538,0.00041345,0.000000,0.000000,0.00303197,0.00013782,0.000000,0.000000,0.00055127,0.000000,0.000000,0.0146086,0.00068908,0.000000,0.000000,0.000000,0.000000,0.000000,0.00027563,0.000000,0.000000,9
0.00070872,0.000000,0.00921332,0.000000,0.000000,0.0219702,0.000000,0.000000,0.000000,0.00850461,0.000000,0.000000,0.000000,0.000000,0.000000,0.000000,0.000000,0.000000,0.00354359,0.000000,0.00141743,0.0148831,0.000000,0.000000,0.000000,0.00850461,0.000000,0.000000,0.0212615,0.000000,0.000000,0.00070872,0.000000,0.000000,0.000000,0.000000,0.000000,0.000000,0.000000,0.00070872,0.000000,0.000000,0.00070872,0.00212615,0.000000,0.000000,0.0177179,0.000000,0.000000,0.000000,0.000000,0.000000,0.000000,0.000000,0.000000,0.000000,9
0.0002702,0.000000,0.0172926,0.000000,0.000000,0.0286409,0.000000,0.0001351,0.000000,0.00607944,0.000000,0.000000,0.000000,0.000000,0.00175628,0.0001351,0.000000,0.000000,0.00324237,0.000000,0.00243178,0.0197244,0.000000,0.000000,0.000000,0.00594434,0.000000,0.000000,0.0148609,0.00297217,0.000000,0.00229668,0.000000,0.000000,0.000000,0.0002702,0.000000,0.000000,0.000000,0.00094569,0.000000,0.000000,0.00054039,0.0002702,0.0001351,0.0004053,0.0160767,0.0001351,0.000000,0.000000,0.000000,0.000000,0.000000,0.00054039,0.000000,0.000000,9
0.00072886,0.000000,0.016035,0.000000,0.000000,0.0313411,0.000000,0.000000,0.000000,0.00437318,0.000000,0.000000,0.000000,0.000000,0.000000,0.000000,0.000000,0.000000,0.00364431,0.000000,0.00437318,0.0247813,0.000000,0.000000,0.000000,0.00364431,0.000000,0.000000,0.016035,0.00437318,0.000000,0.00145773,0.000000,0.000000,0.000000,0.00218659,0.000000,0.000000,0.000000,0.00072886,0.000000,0.000000,0.00145773,0.000000,0.00072886,0.000000,0.0174927,0.000000,0.000000,0.000000,0.000000,0.000000,0.000000,0.000000,0.000000,0.000000,9
0.00023566,0.000101,0.0133652,0.000101,0.000000,0.0335645,0.000000,0.00090897,0.000000,0.00807972,3.367e-05,0.000000,0.000000,3.367e-05,0.00067331,0.000000,0.000000,0.000000,0.00181794,0.000000,0.00158228,0.0133989,0.00037032,0.000000,0.000000,0.00464584,0.000000,0.000000,0.0135672,0.00437651,0.000000,0.00151495,0.000000,0.000000,0.000000,0.00218826,0.00026932,0.000000,3.367e-05,0.00100996,0.000000,0.000000,0.00141395,0.00050498,0.000000,0.000000,0.0216469,0.00013466,0.000000,0.000000,0.000000,0.000000,0.000101,0.00047132,3.367e-05,0.000000,9
0.000000,0.000000,0.019305,0.000000,0.000000,0.015444,0.000000,0.000000,0.000000,0.003861,0.000000,0.000000,0.000000,0.000000,0.000000,0.000000,0.000000,0.000000,0.003861,0.000000,0.003861,0.003861,0.000000,0.000000,0.000000,0.000000,0.000000,0.000000,0.00772201,0.000000,0.000000,0.000000,0.000000,0.000000,0.000000,0.000000,0.000000,0.000000,0.000000,0.000000,0.000000,0.000000,0.003861,0.000000,0.000000,0.000000,0.011583,0.000000,0.000000,0.000000,0.000000,0.000000,0.000000,0.000000,0.000000,0.000000,9
0.00054705,0.000000,0.0129467,0.000000,0.000000,0.0330051,0.000000,0.000000,0.000000,0.00729395,0.000000,0.000000,0.000000,0.000000,0.0003647,0.000000,0.000000,0.000000,0.00237053,0.000000,0.00255288,0.0133115,0.00054705,0.000000,0.000000,0.00656455,0.000000,0.000000,0.0118527,0.00164114,0.000000,0.00127644,0.000000,0.000000,0.000000,0.00200584,0.000000,0.000000,0.000000,0.00218818,0.000000,0.000000,0.00091174,0.00182349,0.000000,0.000000,0.0184172,0.000000,0.000000,0.000000,0.000000,0.000000,0.00018235,0.00018235,0.000000,0.000000,9
